{
  "ann_return": 1.407824835688571,
  "sharpe": 4.308840797494153,
  "max_drawdown": -0.09499072345934458,
  "win_rate": 0.5714285714285714,
  "turnover": 1.7555555555555558,
  "total_trades": 316
}