{
  "ann_return": -0.7062219504295273,
  "sharpe": -1.2610874930265834,
  "max_drawdown": -0.8937905208932325,
  "win_rate": 0.5074257425742574,
  "turnover": 1.8222222222222222,
  "total_trades": 2952
}