{
  "ann_return": -0.6762786969036776,
  "sharpe": -0.9834152913560458,
  "max_drawdown": -0.8878854350154933,
  "win_rate": 0.5222772277227723,
  "turnover": 1.8320987654320988,
  "total_trades": 2968
}