{
  "final_value": 623279.0440766352,
  "total_ret": -0.37672095592336485,
  "ann_ret": -0.2543044225360963,
  "sharpe": 0.6355250806606273,
  "max_dd": -0.8438197870469306,
  "win_rate": 0.3374384236453202,
  "avg_turnover": 1.4556962025316456,
  "avg_overlap": 0.0,
  "avg_eligible": 2.023529411764706,
  "ic": 0.27486630016275465,
  "icir": 0.8371015047438549
}